{"cameraMode":{"drawMode":0,"name":"Shaded","section":"Shading Mode"},"sceneLighting":false,"audioPlay":false,"sceneViewState":{"m_AlwaysRefresh":false,"showFog":true,"showSkybox":false,"showFlares":true,"showImageEffects":true,"showParticleSystems":true,"showVisualEffectGraphs":true,"m_FxEnabled":true},"in2DMode":false,"pivot":{"x":-0.04734154790639877,"y":0.024791289120912553,"z":-0.008276711218059063},"rotation":{"x":0.9462100863456726,"y":0.007115548010915518,"z":0.3229585587978363,"w":-0.020504610612988473},"size":0.11705182492733002,"orthographic":true}