{"cameraMode":{"drawMode":0,"name":"Shaded","section":"Shading Mode"},"sceneLighting":true,"audioPlay":false,"sceneViewState":{"m_AlwaysRefresh":false,"showFog":true,"showSkybox":true,"showFlares":true,"showImageEffects":true,"showParticleSystems":true,"showVisualEffectGraphs":true,"m_FxEnabled":true},"in2DMode":false,"pivot":{"x":-1.3737502098083497,"y":3.216275215148926,"z":-0.5285224914550781},"rotation":{"x":-0.024632588028907777,"y":-0.9748260974884033,"z":0.14593461155891419,"w":-0.16839241981506349},"size":3.2936532497406008,"orthographic":true}