{"cameraMode":{"drawMode":0,"name":"Shaded","section":"Shading Mode"},"sceneLighting":false,"audioPlay":false,"sceneViewState":{"m_AlwaysRefresh":false,"showFog":true,"showSkybox":false,"showFlares":true,"showImageEffects":true,"showParticleSystems":true,"showVisualEffectGraphs":true,"m_FxEnabled":true},"in2DMode":false,"pivot":{"x":0.26906418800354006,"y":-0.250961571931839,"z":0.14117997884750367},"rotation":{"x":0.06005571410059929,"y":-0.5291740298271179,"z":0.03759187459945679,"w":0.8455672860145569},"size":1.2575629949569703,"orthographic":false}