{"cameraMode":{"drawMode":0,"name":"Shaded","section":"Shading Mode"},"sceneLighting":true,"audioPlay":false,"sceneViewState":{"m_AlwaysRefresh":false,"showFog":true,"showSkybox":true,"showFlares":true,"showImageEffects":true,"showParticleSystems":true,"showVisualEffectGraphs":true,"m_FxEnabled":true},"in2DMode":false,"pivot":{"x":-1.3050401210784913,"y":-1.4891434907913209,"z":-6.975310802459717},"rotation":{"x":0.0013279251288622618,"y":-0.837880551815033,"z":-0.000922221050132066,"w":-0.5465217232704163},"size":3.2937660217285158,"orthographic":true}