{"cameraMode":{"drawMode":0,"name":"Shaded","section":"Shading Mode"},"sceneLighting":true,"audioPlay":false,"sceneViewState":{"m_AlwaysRefresh":false,"showFog":true,"showSkybox":true,"showFlares":true,"showImageEffects":true,"showParticleSystems":true,"showVisualEffectGraphs":true,"m_FxEnabled":true},"in2DMode":false,"pivot":{"x":-1.7796053886413575,"y":-0.02682848647236824,"z":-3.679403305053711},"rotation":{"x":0.0033681620843708517,"y":0.6165119409561157,"z":-0.003817449789494276,"w":0.788065493106842},"size":1.1763646602630616,"orthographic":true}